impl,config,mesh_file,num_triangles,grid_res,elapsed_ms
mpi,mpi_1p,data/airplane_0001.off,104773,32,5.589000
mpi,mpi_4p,data/airplane_0001.off,104773,32,4.517000
mpi,mpi_8p,data/airplane_0001.off,104773,32,4.738000
mpi,mpi_1p,data/airplane_0001.off,104773,32,5.633000
mpi,mpi_4p,data/airplane_0001.off,104773,32,4.489000
mpi,mpi_8p,data/airplane_0001.off,104773,32,6.554000
mpi,mpi_1p,data/airplane_0001.off,104773,32,5.668000
mpi,mpi_4p,data/airplane_0001.off,104773,32,4.815000
mpi,mpi_8p,data/airplane_0001.off,104773,32,5.390000
mpi,mpi_1p,data/chair_0001.off,2234,32,0.419000
mpi,mpi_4p,data/chair_0001.off,2234,32,0.155000
mpi,mpi_8p,data/chair_0001.off,2234,32,0.393000
mpi,mpi_1p,data/chair_0001.off,2234,32,0.390000
mpi,mpi_4p,data/chair_0001.off,2234,32,0.188000
mpi,mpi_8p,data/chair_0001.off,2234,32,0.201000
mpi,mpi_1p,data/chair_0001.off,2234,32,0.379000
mpi,mpi_4p,data/chair_0001.off,2234,32,0.154000
mpi,mpi_8p,data/chair_0001.off,2234,32,0.200000
mpi,mpi_1p,data/table_0001.off,8652,32,0.932000
mpi,mpi_4p,data/table_0001.off,8652,32,0.975000
mpi,mpi_8p,data/table_0001.off,8652,32,2.274000
mpi,mpi_1p,data/table_0001.off,8652,32,0.944000
mpi,mpi_4p,data/table_0001.off,8652,32,0.952000
mpi,mpi_8p,data/table_0001.off,8652,32,2.281000
mpi,mpi_1p,data/table_0001.off,8652,32,0.946000
mpi,mpi_4p,data/table_0001.off,8652,32,1.216000
mpi,mpi_8p,data/table_0001.off,8652,32,1.642000
mpi,mpi_1p,data/guitar_0001.off,11325,32,0.803000
mpi,mpi_4p,data/guitar_0001.off,11325,32,0.847000
mpi,mpi_8p,data/guitar_0001.off,11325,32,0.955000
mpi,mpi_1p,data/guitar_0001.off,11325,32,0.778000
mpi,mpi_4p,data/guitar_0001.off,11325,32,0.816000
mpi,mpi_8p,data/guitar_0001.off,11325,32,0.828000
mpi,mpi_1p,data/guitar_0001.off,11325,32,0.838000
mpi,mpi_4p,data/guitar_0001.off,11325,32,0.855000
mpi,mpi_8p,data/guitar_0001.off,11325,32,0.836000
mpi,mpi_1p,data/lamp_0001.off,15328,32,1.246000
mpi,mpi_4p,data/lamp_0001.off,15328,32,0.667000
mpi,mpi_8p,data/lamp_0001.off,15328,32,0.684000
mpi,mpi_1p,data/lamp_0001.off,15328,32,1.286000
mpi,mpi_4p,data/lamp_0001.off,15328,32,0.667000
mpi,mpi_8p,data/lamp_0001.off,15328,32,0.784000
mpi,mpi_1p,data/lamp_0001.off,15328,32,1.221000
mpi,mpi_4p,data/lamp_0001.off,15328,32,0.650000
mpi,mpi_8p,data/lamp_0001.off,15328,32,0.559000
mpi,mpi_1p,data/person_0001.off,22509,32,1.530000
mpi,mpi_4p,data/person_0001.off,22509,32,1.338000
mpi,mpi_8p,data/person_0001.off,22509,32,1.298000
mpi,mpi_1p,data/person_0001.off,22509,32,1.562000
mpi,mpi_4p,data/person_0001.off,22509,32,0.862000
mpi,mpi_8p,data/person_0001.off,22509,32,1.261000
mpi,mpi_1p,data/person_0001.off,22509,32,1.616000
mpi,mpi_4p,data/person_0001.off,22509,32,0.886000
mpi,mpi_8p,data/person_0001.off,22509,32,0.776000
mpi,mpi_1p,data/bookshelf_0001.off,96,32,0.132000
mpi,mpi_4p,data/bookshelf_0001.off,96,32,0.052000
mpi,mpi_8p,data/bookshelf_0001.off,96,32,0.124000
mpi,mpi_1p,data/bookshelf_0001.off,96,32,0.126000
mpi,mpi_4p,data/bookshelf_0001.off,96,32,0.051000
mpi,mpi_8p,data/bookshelf_0001.off,96,32,0.111000
mpi,mpi_1p,data/bookshelf_0001.off,96,32,0.124000
mpi,mpi_4p,data/bookshelf_0001.off,96,32,0.054000
mpi,mpi_8p,data/bookshelf_0001.off,96,32,0.060000
mpi,mpi_1p,data/bottle_0001.off,1070,32,0.336000
mpi,mpi_4p,data/bottle_0001.off,1070,32,0.157000
mpi,mpi_8p,data/bottle_0001.off,1070,32,0.205000
mpi,mpi_1p,data/bottle_0001.off,1070,32,0.379000
mpi,mpi_4p,data/bottle_0001.off,1070,32,0.159000
mpi,mpi_8p,data/bottle_0001.off,1070,32,0.167000
mpi,mpi_1p,data/bottle_0001.off,1070,32,0.340000
mpi,mpi_4p,data/bottle_0001.off,1070,32,0.162000
mpi,mpi_8p,data/bottle_0001.off,1070,32,0.178000
mpi,mpi_1p,data/piano_0001.off,16719,32,1.523000
mpi,mpi_4p,data/piano_0001.off,16719,32,1.017000
mpi,mpi_8p,data/piano_0001.off,16719,32,1.379000
mpi,mpi_1p,data/piano_0001.off,16719,32,1.571000
mpi,mpi_4p,data/piano_0001.off,16719,32,1.037000
mpi,mpi_8p,data/piano_0001.off,16719,32,1.149000
mpi,mpi_1p,data/piano_0001.off,16719,32,1.678000
mpi,mpi_4p,data/piano_0001.off,16719,32,1.101000
mpi,mpi_8p,data/piano_0001.off,16719,32,1.282000
mpi,mpi_1p,data/airplane_0001.off,104773,64,7.985000
mpi,mpi_4p,data/airplane_0001.off,104773,64,7.204000
mpi,mpi_8p,data/airplane_0001.off,104773,64,13.200000
mpi,mpi_1p,data/airplane_0001.off,104773,64,7.992000
mpi,mpi_4p,data/airplane_0001.off,104773,64,7.251000
mpi,mpi_8p,data/airplane_0001.off,104773,64,7.983000
mpi,mpi_1p,data/airplane_0001.off,104773,64,7.998000
mpi,mpi_4p,data/airplane_0001.off,104773,64,7.385000
mpi,mpi_8p,data/airplane_0001.off,104773,64,11.156000
mpi,mpi_1p,data/chair_0001.off,2234,64,1.115000
mpi,mpi_4p,data/chair_0001.off,2234,64,1.250000
mpi,mpi_8p,data/chair_0001.off,2234,64,0.667000
mpi,mpi_1p,data/chair_0001.off,2234,64,1.167000
mpi,mpi_4p,data/chair_0001.off,2234,64,2.137000
mpi,mpi_8p,data/chair_0001.off,2234,64,0.699000
mpi,mpi_1p,data/chair_0001.off,2234,64,1.095000
mpi,mpi_4p,data/chair_0001.off,2234,64,2.108000
mpi,mpi_8p,data/chair_0001.off,2234,64,0.767000
mpi,mpi_1p,data/table_0001.off,8652,64,2.271000
mpi,mpi_4p,data/table_0001.off,8652,64,3.608000
mpi,mpi_8p,data/table_0001.off,8652,64,4.337000
mpi,mpi_1p,data/table_0001.off,8652,64,2.153000
mpi,mpi_4p,data/table_0001.off,8652,64,3.925000
mpi,mpi_8p,data/table_0001.off,8652,64,4.055000
mpi,mpi_1p,data/table_0001.off,8652,64,2.182000
mpi,mpi_4p,data/table_0001.off,8652,64,4.950000
mpi,mpi_8p,data/table_0001.off,8652,64,4.041000
mpi,mpi_1p,data/guitar_0001.off,11325,64,1.314000
mpi,mpi_4p,data/guitar_0001.off,11325,64,3.071000
mpi,mpi_8p,data/guitar_0001.off,11325,64,3.185000
mpi,mpi_1p,data/guitar_0001.off,11325,64,1.287000
mpi,mpi_4p,data/guitar_0001.off,11325,64,3.130000
mpi,mpi_8p,data/guitar_0001.off,11325,64,5.224000
mpi,mpi_1p,data/guitar_0001.off,11325,64,1.348000
mpi,mpi_4p,data/guitar_0001.off,11325,64,3.087000
mpi,mpi_8p,data/guitar_0001.off,11325,64,3.523000
mpi,mpi_1p,data/lamp_0001.off,15328,64,3.120000
mpi,mpi_4p,data/lamp_0001.off,15328,64,2.150000
mpi,mpi_8p,data/lamp_0001.off,15328,64,1.779000
mpi,mpi_1p,data/lamp_0001.off,15328,64,3.105000
mpi,mpi_4p,data/lamp_0001.off,15328,64,2.231000
mpi,mpi_8p,data/lamp_0001.off,15328,64,1.843000
mpi,mpi_1p,data/lamp_0001.off,15328,64,3.134000
mpi,mpi_4p,data/lamp_0001.off,15328,64,2.272000
mpi,mpi_8p,data/lamp_0001.off,15328,64,2.166000
mpi,mpi_1p,data/person_0001.off,22509,64,2.755000
mpi,mpi_4p,data/person_0001.off,22509,64,3.503000
mpi,mpi_8p,data/person_0001.off,22509,64,2.726000
mpi,mpi_1p,data/person_0001.off,22509,64,2.642000
mpi,mpi_4p,data/person_0001.off,22509,64,2.828000
mpi,mpi_8p,data/person_0001.off,22509,64,2.855000
mpi,mpi_1p,data/person_0001.off,22509,64,2.832000
mpi,mpi_4p,data/person_0001.off,22509,64,3.860000
mpi,mpi_8p,data/person_0001.off,22509,64,2.886000
mpi,mpi_1p,data/bookshelf_0001.off,96,64,0.411000
mpi,mpi_4p,data/bookshelf_0001.off,96,64,1.415000
mpi,mpi_8p,data/bookshelf_0001.off,96,64,0.813000
mpi,mpi_1p,data/bookshelf_0001.off,96,64,0.405000
mpi,mpi_4p,data/bookshelf_0001.off,96,64,2.147000
mpi,mpi_8p,data/bookshelf_0001.off,96,64,0.685000
mpi,mpi_1p,data/bookshelf_0001.off,96,64,0.391000
mpi,mpi_4p,data/bookshelf_0001.off,96,64,1.410000
mpi,mpi_8p,data/bookshelf_0001.off,96,64,0.949000
mpi,mpi_1p,data/bottle_0001.off,1070,64,1.115000
mpi,mpi_4p,data/bottle_0001.off,1070,64,0.536000
mpi,mpi_8p,data/bottle_0001.off,1070,64,1.314000
mpi,mpi_1p,data/bottle_0001.off,1070,64,1.122000
mpi,mpi_4p,data/bottle_0001.off,1070,64,1.578000
mpi,mpi_8p,data/bottle_0001.off,1070,64,1.834000
mpi,mpi_1p,data/bottle_0001.off,1070,64,1.156000
mpi,mpi_4p,data/bottle_0001.off,1070,64,1.621000
mpi,mpi_8p,data/bottle_0001.off,1070,64,1.622000
mpi,mpi_1p,data/piano_0001.off,16719,64,2.842000
mpi,mpi_4p,data/piano_0001.off,16719,64,2.708000
mpi,mpi_8p,data/piano_0001.off,16719,64,2.354000
mpi,mpi_1p,data/piano_0001.off,16719,64,2.775000
mpi,mpi_4p,data/piano_0001.off,16719,64,2.646000
mpi,mpi_8p,data/piano_0001.off,16719,64,2.955000
mpi,mpi_1p,data/piano_0001.off,16719,64,2.783000
mpi,mpi_4p,data/piano_0001.off,16719,64,2.742000
mpi,mpi_8p,data/piano_0001.off,16719,64,2.819000
mpi,mpi_1p,data/airplane_0001.off,104773,128,14.997000
mpi,mpi_4p,data/airplane_0001.off,104773,128,13.316000
mpi,mpi_8p,data/airplane_0001.off,104773,128,16.525000
mpi,mpi_1p,data/airplane_0001.off,104773,128,14.886000
mpi,mpi_4p,data/airplane_0001.off,104773,128,13.092000
mpi,mpi_8p,data/airplane_0001.off,104773,128,12.776000
mpi,mpi_1p,data/airplane_0001.off,104773,128,14.839000
mpi,mpi_4p,data/airplane_0001.off,104773,128,14.268000
mpi,mpi_8p,data/airplane_0001.off,104773,128,16.406000
mpi,mpi_1p,data/chair_0001.off,2234,128,4.000000
mpi,mpi_4p,data/chair_0001.off,2234,128,4.716000
mpi,mpi_8p,data/chair_0001.off,2234,128,4.607000
mpi,mpi_1p,data/chair_0001.off,2234,128,4.024000
mpi,mpi_4p,data/chair_0001.off,2234,128,5.253000
mpi,mpi_8p,data/chair_0001.off,2234,128,5.046000
mpi,mpi_1p,data/chair_0001.off,2234,128,4.093000
mpi,mpi_4p,data/chair_0001.off,2234,128,5.196000
mpi,mpi_8p,data/chair_0001.off,2234,128,4.758000
mpi,mpi_1p,data/table_0001.off,8652,128,6.095000
mpi,mpi_4p,data/table_0001.off,8652,128,6.704000
mpi,mpi_8p,data/table_0001.off,8652,128,13.095000
mpi,mpi_1p,data/table_0001.off,8652,128,5.889000
mpi,mpi_4p,data/table_0001.off,8652,128,7.159000
mpi,mpi_8p,data/table_0001.off,8652,128,9.027000
mpi,mpi_1p,data/table_0001.off,8652,128,5.862000
mpi,mpi_4p,data/table_0001.off,8652,128,7.601000
mpi,mpi_8p,data/table_0001.off,8652,128,11.614000
mpi,mpi_1p,data/guitar_0001.off,11325,128,2.753000
mpi,mpi_4p,data/guitar_0001.off,11325,128,5.301000
mpi,mpi_8p,data/guitar_0001.off,11325,128,12.767000
mpi,mpi_1p,data/guitar_0001.off,11325,128,2.723000
mpi,mpi_4p,data/guitar_0001.off,11325,128,4.578000
mpi,mpi_8p,data/guitar_0001.off,11325,128,10.259000
mpi,mpi_1p,data/guitar_0001.off,11325,128,2.767000
mpi,mpi_4p,data/guitar_0001.off,11325,128,4.545000
mpi,mpi_8p,data/guitar_0001.off,11325,128,7.677000
mpi,mpi_1p,data/lamp_0001.off,15328,128,13.434000
mpi,mpi_4p,data/lamp_0001.off,15328,128,9.250000
mpi,mpi_8p,data/lamp_0001.off,15328,128,7.702000
mpi,mpi_1p,data/lamp_0001.off,15328,128,13.399000
mpi,mpi_4p,data/lamp_0001.off,15328,128,8.787000
mpi,mpi_8p,data/lamp_0001.off,15328,128,10.235000
mpi,mpi_1p,data/lamp_0001.off,15328,128,13.319000
mpi,mpi_4p,data/lamp_0001.off,15328,128,8.856000
mpi,mpi_8p,data/lamp_0001.off,15328,128,7.821000
mpi,mpi_1p,data/person_0001.off,22509,128,6.606000
mpi,mpi_4p,data/person_0001.off,22509,128,5.268000
mpi,mpi_8p,data/person_0001.off,22509,128,11.080000
mpi,mpi_1p,data/person_0001.off,22509,128,6.751000
mpi,mpi_4p,data/person_0001.off,22509,128,5.965000
mpi,mpi_8p,data/person_0001.off,22509,128,9.419000
mpi,mpi_1p,data/person_0001.off,22509,128,6.599000
mpi,mpi_4p,data/person_0001.off,22509,128,5.920000
mpi,mpi_8p,data/person_0001.off,22509,128,7.381000
mpi,mpi_1p,data/bookshelf_0001.off,96,128,1.616000
mpi,mpi_4p,data/bookshelf_0001.off,96,128,2.779000
mpi,mpi_8p,data/bookshelf_0001.off,96,128,4.289000
mpi,mpi_1p,data/bookshelf_0001.off,96,128,1.579000
mpi,mpi_4p,data/bookshelf_0001.off,96,128,4.468000
mpi,mpi_8p,data/bookshelf_0001.off,96,128,4.055000
mpi,mpi_1p,data/bookshelf_0001.off,96,128,1.592000
mpi,mpi_4p,data/bookshelf_0001.off,96,128,1.898000
mpi,mpi_8p,data/bookshelf_0001.off,96,128,5.129000
mpi,mpi_1p,data/bottle_0001.off,1070,128,5.010000
mpi,mpi_4p,data/bottle_0001.off,1070,128,4.678000
mpi,mpi_8p,data/bottle_0001.off,1070,128,7.628000
mpi,mpi_1p,data/bottle_0001.off,1070,128,4.822000
mpi,mpi_4p,data/bottle_0001.off,1070,128,3.004000
mpi,mpi_8p,data/bottle_0001.off,1070,128,6.159000
mpi,mpi_1p,data/bottle_0001.off,1070,128,4.878000
mpi,mpi_4p,data/bottle_0001.off,1070,128,2.612000
mpi,mpi_8p,data/bottle_0001.off,1070,128,4.660000
mpi,mpi_1p,data/piano_0001.off,16719,128,6.551000
mpi,mpi_4p,data/piano_0001.off,16719,128,6.722000
mpi,mpi_8p,data/piano_0001.off,16719,128,10.443000
mpi,mpi_1p,data/piano_0001.off,16719,128,6.586000
mpi,mpi_4p,data/piano_0001.off,16719,128,4.541000
mpi,mpi_8p,data/piano_0001.off,16719,128,7.925000
mpi,mpi_1p,data/piano_0001.off,16719,128,6.415000
mpi,mpi_4p,data/piano_0001.off,16719,128,6.085000
mpi,mpi_8p,data/piano_0001.off,16719,128,7.885000
