impl,config,mesh_file,mesh_display,grid_res,num_triangles,runs,mean_ms,stdev_ms,min_ms,max_ms,speedup_vs_seq
sequential,seq_1t,data/airplane_0001.off,airplane_0001.off,32,104773,3,6.562000,0.621008,6.096000,7.267000,1.000000
openmp,omp_1t,data/airplane_0001.off,airplane_0001.off,32,104773,3,6.603333,0.931219,5.920000,7.664000,0.993741
openmp,omp_4t,data/airplane_0001.off,airplane_0001.off,32,104773,3,1.541667,0.051472,1.509000,1.601000,4.256432
openmp,omp_8t,data/airplane_0001.off,airplane_0001.off,32,104773,3,1.165667,0.011719,1.157000,1.179000,5.629397
pthreads,pth_1t,data/airplane_0001.off,airplane_0001.off,32,104773,3,6.571000,0.796080,5.959000,7.471000,0.998630
pthreads,pth_4t,data/airplane_0001.off,airplane_0001.off,32,104773,3,3.733000,0.413523,3.308000,4.134000,1.757836
pthreads,pth_8t,data/airplane_0001.off,airplane_0001.off,32,104773,3,4.680667,1.361501,3.318000,6.041000,1.401937
mpi,mpi_1p,data/airplane_0001.off,airplane_0001.off,32,104773,3,5.630000,0.039585,5.589000,5.668000,1.165542
mpi,mpi_4p,data/airplane_0001.off,airplane_0001.off,32,104773,3,4.607000,0.180677,4.489000,4.815000,1.424354
mpi,mpi_8p,data/airplane_0001.off,airplane_0001.off,32,104773,3,5.560667,0.919951,4.738000,6.554000,1.180074
cuda,cuda_64tpb,data/airplane_0001.off,airplane_0001.off,32,104773,3,36.089355,5.490040,30.702593,41.677151,0.181826
cuda,cuda_128tpb,data/airplane_0001.off,airplane_0001.off,32,104773,3,34.675041,3.510180,30.742529,37.491520,0.189243
cuda,cuda_256tpb,data/airplane_0001.off,airplane_0001.off,32,104773,3,32.557067,2.596966,30.657663,35.516354,0.201554
sequential,seq_1t,data/bookshelf_0001.off,bookshelf_0001.off,32,96,3,0.130333,0.008505,0.124000,0.140000,1.000000
openmp,omp_1t,data/bookshelf_0001.off,bookshelf_0001.off,32,96,3,0.137667,0.008145,0.132000,0.147000,0.946731
openmp,omp_4t,data/bookshelf_0001.off,bookshelf_0001.off,32,96,3,0.125333,0.004726,0.120000,0.129000,1.039894
openmp,omp_8t,data/bookshelf_0001.off,bookshelf_0001.off,32,96,3,0.152000,0.003464,0.148000,0.154000,0.857456
pthreads,pth_1t,data/bookshelf_0001.off,bookshelf_0001.off,32,96,3,0.227000,0.130778,0.150000,0.378000,0.574156
pthreads,pth_4t,data/bookshelf_0001.off,bookshelf_0001.off,32,96,3,0.117000,0.066573,0.069000,0.193000,1.113960
pthreads,pth_8t,data/bookshelf_0001.off,bookshelf_0001.off,32,96,3,0.118000,0.018358,0.105000,0.139000,1.104520
mpi,mpi_1p,data/bookshelf_0001.off,bookshelf_0001.off,32,96,3,0.127333,0.004163,0.124000,0.132000,1.023560
mpi,mpi_4p,data/bookshelf_0001.off,bookshelf_0001.off,32,96,3,0.052333,0.001528,0.051000,0.054000,2.490446
mpi,mpi_8p,data/bookshelf_0001.off,bookshelf_0001.off,32,96,3,0.098333,0.033828,0.060000,0.124000,1.325424
cuda,cuda_64tpb,data/bookshelf_0001.off,bookshelf_0001.off,32,96,3,0.142827,0.009393,0.133120,0.151872,0.912528
cuda,cuda_128tpb,data/bookshelf_0001.off,bookshelf_0001.off,32,96,3,0.163403,0.028689,0.144224,0.196384,0.797621
cuda,cuda_256tpb,data/bookshelf_0001.off,bookshelf_0001.off,32,96,3,0.141600,0.009920,0.135168,0.153024,0.920433
sequential,seq_1t,data/bottle_0001.off,bottle_0001.off,32,1070,3,0.362667,0.020984,0.339000,0.379000,1.000000
openmp,omp_1t,data/bottle_0001.off,bottle_0001.off,32,1070,3,0.394000,0.012767,0.383000,0.408000,0.920474
openmp,omp_4t,data/bottle_0001.off,bottle_0001.off,32,1070,3,0.198000,0.004359,0.195000,0.203000,1.831650
openmp,omp_8t,data/bottle_0001.off,bottle_0001.off,32,1070,3,0.193667,0.016743,0.184000,0.213000,1.872633
pthreads,pth_1t,data/bottle_0001.off,bottle_0001.off,32,1070,3,0.411333,0.004619,0.406000,0.414000,0.881686
pthreads,pth_4t,data/bottle_0001.off,bottle_0001.off,32,1070,3,0.301333,0.005033,0.296000,0.306000,1.203540
pthreads,pth_8t,data/bottle_0001.off,bottle_0001.off,32,1070,3,0.282667,0.026577,0.255000,0.308000,1.283019
mpi,mpi_1p,data/bottle_0001.off,bottle_0001.off,32,1070,3,0.351667,0.023756,0.336000,0.379000,1.031280
mpi,mpi_4p,data/bottle_0001.off,bottle_0001.off,32,1070,3,0.159333,0.002517,0.157000,0.162000,2.276151
mpi,mpi_8p,data/bottle_0001.off,bottle_0001.off,32,1070,3,0.183333,0.019553,0.167000,0.205000,1.978182
cuda,cuda_64tpb,data/bottle_0001.off,bottle_0001.off,32,1070,3,0.722944,0.008096,0.714848,0.731040,0.501653
cuda,cuda_128tpb,data/bottle_0001.off,bottle_0001.off,32,1070,3,0.733440,0.027830,0.716800,0.765568,0.494474
cuda,cuda_256tpb,data/bottle_0001.off,bottle_0001.off,32,1070,3,0.727680,0.020877,0.714400,0.751744,0.498388
sequential,seq_1t,data/chair_0001.off,chair_0001.off,32,2234,3,0.402667,0.022301,0.386000,0.428000,1.000000
openmp,omp_1t,data/chair_0001.off,chair_0001.off,32,2234,3,0.432000,0.028213,0.402000,0.458000,0.932099
openmp,omp_4t,data/chair_0001.off,chair_0001.off,32,2234,3,0.171667,0.004933,0.166000,0.175000,2.345631
openmp,omp_8t,data/chair_0001.off,chair_0001.off,32,2234,3,0.199667,0.009713,0.189000,0.208000,2.016694
pthreads,pth_1t,data/chair_0001.off,chair_0001.off,32,2234,3,0.436667,0.023245,0.419000,0.463000,0.922137
pthreads,pth_4t,data/chair_0001.off,chair_0001.off,32,2234,3,0.281000,0.005000,0.276000,0.286000,1.432977
pthreads,pth_8t,data/chair_0001.off,chair_0001.off,32,2234,3,0.345000,0.065962,0.275000,0.406000,1.167150
mpi,mpi_1p,data/chair_0001.off,chair_0001.off,32,2234,3,0.396000,0.020664,0.379000,0.419000,1.016835
mpi,mpi_4p,data/chair_0001.off,chair_0001.off,32,2234,3,0.165667,0.019348,0.154000,0.188000,2.430584
mpi,mpi_8p,data/chair_0001.off,chair_0001.off,32,2234,3,0.264667,0.111141,0.200000,0.393000,1.521411
cuda,cuda_64tpb,data/chair_0001.off,chair_0001.off,32,2234,3,0.979883,0.119842,0.907296,1.118208,0.410934
cuda,cuda_128tpb,data/chair_0001.off,chair_0001.off,32,2234,3,0.903616,0.006603,0.898400,0.911040,0.445617
cuda,cuda_256tpb,data/chair_0001.off,chair_0001.off,32,2234,3,0.898997,0.006758,0.891200,0.903168,0.447906
sequential,seq_1t,data/guitar_0001.off,guitar_0001.off,32,11325,3,1.216000,0.562264,0.876000,1.865000,1.000000
openmp,omp_1t,data/guitar_0001.off,guitar_0001.off,32,11325,3,1.212667,0.604095,0.849000,1.910000,1.002749
openmp,omp_4t,data/guitar_0001.off,guitar_0001.off,32,11325,3,0.243333,0.005686,0.237000,0.248000,4.997260
openmp,omp_8t,data/guitar_0001.off,guitar_0001.off,32,11325,3,0.230667,0.010017,0.223000,0.242000,5.271676
pthreads,pth_1t,data/guitar_0001.off,guitar_0001.off,32,11325,3,0.905667,0.025736,0.876000,0.922000,1.342657
pthreads,pth_4t,data/guitar_0001.off,guitar_0001.off,32,11325,3,0.946667,0.009018,0.938000,0.956000,1.284507
pthreads,pth_8t,data/guitar_0001.off,guitar_0001.off,32,11325,3,1.776333,0.166064,1.585000,1.883000,0.684556
mpi,mpi_1p,data/guitar_0001.off,guitar_0001.off,32,11325,3,0.806333,0.030139,0.778000,0.838000,1.508061
mpi,mpi_4p,data/guitar_0001.off,guitar_0001.off,32,11325,3,0.839333,0.020599,0.816000,0.855000,1.448769
mpi,mpi_8p,data/guitar_0001.off,guitar_0001.off,32,11325,3,0.873000,0.071127,0.828000,0.955000,1.392898
cuda,cuda_64tpb,data/guitar_0001.off,guitar_0001.off,32,11325,3,3.624053,0.016980,3.604896,3.637248,0.335536
cuda,cuda_128tpb,data/guitar_0001.off,guitar_0001.off,32,11325,3,3.619893,0.029592,3.598336,3.653632,0.335922
cuda,cuda_256tpb,data/guitar_0001.off,guitar_0001.off,32,11325,3,3.606731,0.007469,3.598336,3.612640,0.337147
sequential,seq_1t,data/lamp_0001.off,lamp_0001.off,32,15328,3,1.364000,0.065818,1.326000,1.440000,1.000000
openmp,omp_1t,data/lamp_0001.off,lamp_0001.off,32,15328,3,1.346333,0.000577,1.346000,1.347000,1.013122
openmp,omp_4t,data/lamp_0001.off,lamp_0001.off,32,15328,3,0.544333,0.074795,0.492000,0.630000,2.505818
openmp,omp_8t,data/lamp_0001.off,lamp_0001.off,32,15328,3,0.465000,0.025000,0.440000,0.490000,2.933333
pthreads,pth_1t,data/lamp_0001.off,lamp_0001.off,32,15328,3,1.394000,0.001000,1.393000,1.395000,0.978479
pthreads,pth_4t,data/lamp_0001.off,lamp_0001.off,32,15328,3,0.834000,0.039737,0.797000,0.876000,1.635492
pthreads,pth_8t,data/lamp_0001.off,lamp_0001.off,32,15328,3,0.886333,0.086350,0.834000,0.986000,1.538924
mpi,mpi_1p,data/lamp_0001.off,lamp_0001.off,32,15328,3,1.251000,0.032787,1.221000,1.286000,1.090328
mpi,mpi_4p,data/lamp_0001.off,lamp_0001.off,32,15328,3,0.661333,0.009815,0.650000,0.667000,2.062500
mpi,mpi_8p,data/lamp_0001.off,lamp_0001.off,32,15328,3,0.675667,0.112731,0.559000,0.784000,2.018747
cuda,cuda_64tpb,data/lamp_0001.off,lamp_0001.off,32,15328,3,8.885749,0.021814,8.867296,8.909824,0.153504
cuda,cuda_128tpb,data/lamp_0001.off,lamp_0001.off,32,15328,3,9.223733,0.724352,8.784256,10.059776,0.147879
cuda,cuda_256tpb,data/lamp_0001.off,lamp_0001.off,32,15328,3,9.342773,0.754020,8.906528,10.213440,0.145995
sequential,seq_1t,data/person_0001.off,person_0001.off,32,22509,3,1.689000,0.047697,1.639000,1.734000,1.000000
openmp,omp_1t,data/person_0001.off,person_0001.off,32,22509,3,1.657667,0.034933,1.637000,1.698000,1.018902
openmp,omp_4t,data/person_0001.off,person_0001.off,32,22509,3,0.573333,0.111276,0.445000,0.643000,2.945930
openmp,omp_8t,data/person_0001.off,person_0001.off,32,22509,3,0.410667,0.036019,0.386000,0.452000,4.112825
pthreads,pth_1t,data/person_0001.off,person_0001.off,32,22509,3,1.713667,0.036747,1.690000,1.756000,0.985606
pthreads,pth_4t,data/person_0001.off,person_0001.off,32,22509,3,0.791333,0.179001,0.664000,0.996000,2.134372
pthreads,pth_8t,data/person_0001.off,person_0001.off,32,22509,3,0.895333,0.131994,0.755000,1.017000,1.886448
mpi,mpi_1p,data/person_0001.off,person_0001.off,32,22509,3,1.569333,0.043466,1.530000,1.616000,1.076253
mpi,mpi_4p,data/person_0001.off,person_0001.off,32,22509,3,1.028667,0.268159,0.862000,1.338000,1.641931
mpi,mpi_8p,data/person_0001.off,person_0001.off,32,22509,3,1.111667,0.291284,0.776000,1.298000,1.519340
cuda,cuda_64tpb,data/person_0001.off,person_0001.off,32,22509,3,6.871723,0.641473,6.410240,7.604224,0.245790
cuda,cuda_128tpb,data/person_0001.off,person_0001.off,32,22509,3,6.798336,0.634486,6.405792,7.530336,0.248443
cuda,cuda_256tpb,data/person_0001.off,person_0001.off,32,22509,3,6.545504,0.147665,6.451200,6.715680,0.258040
sequential,seq_1t,data/piano_0001.off,piano_0001.off,32,16719,3,1.674667,0.090235,1.576000,1.753000,1.000000
openmp,omp_1t,data/piano_0001.off,piano_0001.off,32,16719,3,1.652000,0.102196,1.592000,1.770000,1.013721
openmp,omp_4t,data/piano_0001.off,piano_0001.off,32,16719,3,0.565000,0.080542,0.472000,0.612000,2.964012
openmp,omp_8t,data/piano_0001.off,piano_0001.off,32,16719,3,0.407333,0.024583,0.384000,0.433000,4.111293
pthreads,pth_1t,data/piano_0001.off,piano_0001.off,32,16719,3,1.723667,0.092803,1.659000,1.830000,0.971572
pthreads,pth_4t,data/piano_0001.off,piano_0001.off,32,16719,3,1.838667,0.114806,1.729000,1.958000,0.910805
pthreads,pth_8t,data/piano_0001.off,piano_0001.off,32,16719,3,2.967000,0.295258,2.644000,3.223000,0.564431
mpi,mpi_1p,data/piano_0001.off,piano_0001.off,32,16719,3,1.590667,0.079349,1.523000,1.678000,1.052808
mpi,mpi_4p,data/piano_0001.off,piano_0001.off,32,16719,3,1.051667,0.043879,1.017000,1.101000,1.592393
mpi,mpi_8p,data/piano_0001.off,piano_0001.off,32,16719,3,1.270000,0.115469,1.149000,1.379000,1.318635
cuda,cuda_64tpb,data/piano_0001.off,piano_0001.off,32,16719,3,3.864107,0.038069,3.828960,3.904544,0.433390
cuda,cuda_128tpb,data/piano_0001.off,piano_0001.off,32,16719,3,3.841109,0.008375,3.831456,3.846432,0.435985
cuda,cuda_256tpb,data/piano_0001.off,piano_0001.off,32,16719,3,3.875691,0.033164,3.837568,3.897888,0.432095
sequential,seq_1t,data/table_0001.off,table_0001.off,32,8652,3,1.054333,0.063122,1.007000,1.126000,1.000000
openmp,omp_1t,data/table_0001.off,table_0001.off,32,8652,3,1.010333,0.041004,0.963000,1.035000,1.043550
openmp,omp_4t,data/table_0001.off,table_0001.off,32,8652,3,0.323000,0.019925,0.311000,0.346000,3.264190
openmp,omp_8t,data/table_0001.off,table_0001.off,32,8652,3,0.333000,0.065643,0.286000,0.408000,3.166166
pthreads,pth_1t,data/table_0001.off,table_0001.off,32,8652,3,1.090667,0.009866,1.084000,1.102000,0.966687
pthreads,pth_4t,data/table_0001.off,table_0001.off,32,8652,3,1.930000,0.053814,1.870000,1.974000,0.546287
pthreads,pth_8t,data/table_0001.off,table_0001.off,32,8652,3,2.849667,0.167781,2.656000,2.951000,0.369985
mpi,mpi_1p,data/table_0001.off,table_0001.off,32,8652,3,0.940667,0.007572,0.932000,0.946000,1.120836
mpi,mpi_4p,data/table_0001.off,table_0001.off,32,8652,3,1.047667,0.146234,0.952000,1.216000,1.006363
mpi,mpi_8p,data/table_0001.off,table_0001.off,32,8652,3,2.065667,0.366923,1.642000,2.281000,0.510408
cuda,cuda_64tpb,data/table_0001.off,table_0001.off,32,8652,3,1.449845,0.023427,1.423392,1.467968,0.727204
cuda,cuda_128tpb,data/table_0001.off,table_0001.off,32,8652,3,1.455296,0.036476,1.423872,1.495296,0.724480
cuda,cuda_256tpb,data/table_0001.off,table_0001.off,32,8652,3,1.434027,0.009580,1.426688,1.444864,0.735226
sequential,seq_1t,data/airplane_0001.off,airplane_0001.off,64,104773,3,8.881000,0.262120,8.584000,9.080000,1.000000
openmp,omp_1t,data/airplane_0001.off,airplane_0001.off,64,104773,3,8.660333,0.247718,8.428000,8.921000,1.025480
openmp,omp_4t,data/airplane_0001.off,airplane_0001.off,64,104773,3,2.167667,0.085161,2.118000,2.266000,4.097032
openmp,omp_8t,data/airplane_0001.off,airplane_0001.off,64,104773,3,1.687000,0.084256,1.610000,1.777000,5.264375
pthreads,pth_1t,data/airplane_0001.off,airplane_0001.off,64,104773,3,8.733667,0.330614,8.355000,8.965000,1.016870
pthreads,pth_4t,data/airplane_0001.off,airplane_0001.off,64,104773,3,3.589667,0.026502,3.571000,3.620000,2.474046
pthreads,pth_8t,data/airplane_0001.off,airplane_0001.off,64,104773,3,5.962333,0.562633,5.340000,6.435000,1.489518
mpi,mpi_1p,data/airplane_0001.off,airplane_0001.off,64,104773,3,7.991667,0.006506,7.985000,7.998000,1.111283
mpi,mpi_4p,data/airplane_0001.off,airplane_0001.off,64,104773,3,7.280000,0.093920,7.204000,7.385000,1.219918
mpi,mpi_8p,data/airplane_0001.off,airplane_0001.off,64,104773,3,10.779667,2.628782,7.983000,13.200000,0.823866
cuda,cuda_64tpb,data/airplane_0001.off,airplane_0001.off,64,104773,3,95.048574,6.886554,90.929726,102.998749,0.093436
cuda,cuda_128tpb,data/airplane_0001.off,airplane_0001.off,64,104773,3,93.978859,4.867541,91.075233,99.598366,0.094500
cuda,cuda_256tpb,data/airplane_0001.off,airplane_0001.off,64,104773,3,91.328021,0.097492,91.217918,91.403389,0.097243
sequential,seq_1t,data/bookshelf_0001.off,bookshelf_0001.off,64,96,3,0.414000,0.015588,0.405000,0.432000,1.000000
openmp,omp_1t,data/bookshelf_0001.off,bookshelf_0001.off,64,96,3,0.430667,0.018583,0.418000,0.452000,0.961300
openmp,omp_4t,data/bookshelf_0001.off,bookshelf_0001.off,64,96,3,0.322667,0.008083,0.318000,0.332000,1.283058
openmp,omp_8t,data/bookshelf_0001.off,bookshelf_0001.off,64,96,3,0.350667,0.004041,0.347000,0.355000,1.180608
pthreads,pth_1t,data/bookshelf_0001.off,bookshelf_0001.off,64,96,3,0.469333,0.011930,0.461000,0.483000,0.882102
pthreads,pth_4t,data/bookshelf_0001.off,bookshelf_0001.off,64,96,3,0.206667,0.038553,0.163000,0.236000,2.003226
pthreads,pth_8t,data/bookshelf_0001.off,bookshelf_0001.off,64,96,3,0.215667,0.034064,0.196000,0.255000,1.919629
mpi,mpi_1p,data/bookshelf_0001.off,bookshelf_0001.off,64,96,3,0.402333,0.010263,0.391000,0.411000,1.028998
mpi,mpi_4p,data/bookshelf_0001.off,bookshelf_0001.off,64,96,3,1.657333,0.424071,1.410000,2.147000,0.249799
mpi,mpi_8p,data/bookshelf_0001.off,bookshelf_0001.off,64,96,3,0.815667,0.132020,0.685000,0.949000,0.507560
cuda,cuda_64tpb,data/bookshelf_0001.off,bookshelf_0001.off,64,96,3,0.217195,0.008839,0.210880,0.227296,1.906124
cuda,cuda_128tpb,data/bookshelf_0001.off,bookshelf_0001.off,64,96,3,0.206037,0.001333,0.204512,0.206976,2.009345
cuda,cuda_256tpb,data/bookshelf_0001.off,bookshelf_0001.off,64,96,3,0.207456,0.007826,0.201632,0.216352,1.995604
sequential,seq_1t,data/bottle_0001.off,bottle_0001.off,64,1070,3,1.156667,0.003215,1.153000,1.159000,1.000000
openmp,omp_1t,data/bottle_0001.off,bottle_0001.off,64,1070,3,1.247667,0.065896,1.178000,1.309000,0.927064
openmp,omp_4t,data/bottle_0001.off,bottle_0001.off,64,1070,3,0.512667,0.004163,0.508000,0.516000,2.256177
openmp,omp_8t,data/bottle_0001.off,bottle_0001.off,64,1070,3,0.463333,0.066726,0.403000,0.535000,2.496403
pthreads,pth_1t,data/bottle_0001.off,bottle_0001.off,64,1070,3,1.218667,0.010693,1.207000,1.228000,0.949125
pthreads,pth_4t,data/bottle_0001.off,bottle_0001.off,64,1070,3,0.929667,0.027135,0.914000,0.961000,1.244174
pthreads,pth_8t,data/bottle_0001.off,bottle_0001.off,64,1070,3,0.714333,0.032517,0.679000,0.743000,1.619225
mpi,mpi_1p,data/bottle_0001.off,bottle_0001.off,64,1070,3,1.131000,0.021932,1.115000,1.156000,1.022694
mpi,mpi_4p,data/bottle_0001.off,bottle_0001.off,64,1070,3,1.245000,0.614388,0.536000,1.621000,0.929050
mpi,mpi_8p,data/bottle_0001.off,bottle_0001.off,64,1070,3,1.590000,0.261473,1.314000,1.834000,0.727463
cuda,cuda_64tpb,data/bottle_0001.off,bottle_0001.off,64,1070,3,1.145355,0.003192,1.142784,1.148928,1.009876
cuda,cuda_128tpb,data/bottle_0001.off,bottle_0001.off,64,1070,3,1.144960,0.006005,1.139264,1.151232,1.010225
cuda,cuda_256tpb,data/bottle_0001.off,bottle_0001.off,64,1070,3,1.180501,0.056228,1.143296,1.245184,0.979810
sequential,seq_1t,data/chair_0001.off,chair_0001.off,64,2234,3,1.137667,0.045457,1.108000,1.190000,1.000000
openmp,omp_1t,data/chair_0001.off,chair_0001.off,64,2234,3,1.175667,0.051540,1.142000,1.235000,0.967678
openmp,omp_4t,data/chair_0001.off,chair_0001.off,64,2234,3,0.442667,0.087757,0.392000,0.544000,2.570030
openmp,omp_8t,data/chair_0001.off,chair_0001.off,64,2234,3,0.451333,0.063611,0.390000,0.517000,2.520679
pthreads,pth_1t,data/chair_0001.off,chair_0001.off,64,2234,3,1.636000,0.653498,1.189000,2.386000,0.695395
pthreads,pth_4t,data/chair_0001.off,chair_0001.off,64,2234,3,0.812000,0.039051,0.787000,0.857000,1.401067
pthreads,pth_8t,data/chair_0001.off,chair_0001.off,64,2234,3,0.809667,0.023029,0.786000,0.832000,1.405105
mpi,mpi_1p,data/chair_0001.off,chair_0001.off,64,2234,3,1.125667,0.037166,1.095000,1.167000,1.010660
mpi,mpi_4p,data/chair_0001.off,chair_0001.off,64,2234,3,1.831667,0.503947,1.250000,2.137000,0.621110
mpi,mpi_8p,data/chair_0001.off,chair_0001.off,64,2234,3,0.711000,0.051069,0.667000,0.767000,1.600094
cuda,cuda_64tpb,data/chair_0001.off,chair_0001.off,64,2234,3,2.003083,0.006146,1.999360,2.010176,0.567958
cuda,cuda_128tpb,data/chair_0001.off,chair_0001.off,64,2234,3,1.998197,0.006931,1.993664,2.006176,0.569347
cuda,cuda_256tpb,data/chair_0001.off,chair_0001.off,64,2234,3,1.996683,0.004974,1.991936,2.001856,0.569778
sequential,seq_1t,data/guitar_0001.off,guitar_0001.off,64,11325,3,1.409333,0.029400,1.385000,1.442000,1.000000
openmp,omp_1t,data/guitar_0001.off,guitar_0001.off,64,11325,3,1.406667,0.097346,1.347000,1.519000,1.001896
openmp,omp_4t,data/guitar_0001.off,guitar_0001.off,64,11325,3,0.379333,0.011676,0.369000,0.392000,3.715290
openmp,omp_8t,data/guitar_0001.off,guitar_0001.off,64,11325,3,0.364333,0.021127,0.340000,0.378000,3.868253
pthreads,pth_1t,data/guitar_0001.off,guitar_0001.off,64,11325,3,1.434667,0.029400,1.402000,1.459000,0.982342
pthreads,pth_4t,data/guitar_0001.off,guitar_0001.off,64,11325,3,0.850667,0.251337,0.612000,1.113000,1.656740
pthreads,pth_8t,data/guitar_0001.off,guitar_0001.off,64,11325,3,1.338000,0.087000,1.251000,1.425000,1.053313
mpi,mpi_1p,data/guitar_0001.off,guitar_0001.off,64,11325,3,1.316333,0.030567,1.287000,1.348000,1.070651
mpi,mpi_4p,data/guitar_0001.off,guitar_0001.off,64,11325,3,3.096000,0.030512,3.071000,3.130000,0.455211
mpi,mpi_8p,data/guitar_0001.off,guitar_0001.off,64,11325,3,3.977333,1.092792,3.185000,5.224000,0.354341
cuda,cuda_64tpb,data/guitar_0001.off,guitar_0001.off,64,11325,3,9.629312,0.010515,9.617280,9.636736,0.146359
cuda,cuda_128tpb,data/guitar_0001.off,guitar_0001.off,64,11325,3,9.679669,0.068080,9.602080,9.729408,0.145597
cuda,cuda_256tpb,data/guitar_0001.off,guitar_0001.off,64,11325,3,9.675360,0.087717,9.612576,9.775584,0.145662
sequential,seq_1t,data/lamp_0001.off,lamp_0001.off,64,15328,3,3.384000,0.007937,3.378000,3.393000,1.000000
openmp,omp_1t,data/lamp_0001.off,lamp_0001.off,64,15328,3,3.525000,0.040731,3.500000,3.572000,0.960000
openmp,omp_4t,data/lamp_0001.off,lamp_0001.off,64,15328,3,1.433667,0.162596,1.315000,1.619000,2.360381
openmp,omp_8t,data/lamp_0001.off,lamp_0001.off,64,15328,3,1.350000,0.029715,1.329000,1.384000,2.506667
pthreads,pth_1t,data/lamp_0001.off,lamp_0001.off,64,15328,3,3.613000,0.161009,3.451000,3.773000,0.936618
pthreads,pth_4t,data/lamp_0001.off,lamp_0001.off,64,15328,3,2.686000,0.037242,2.643000,2.708000,1.259866
pthreads,pth_8t,data/lamp_0001.off,lamp_0001.off,64,15328,3,2.774333,0.081586,2.695000,2.858000,1.219752
mpi,mpi_1p,data/lamp_0001.off,lamp_0001.off,64,15328,3,3.119667,0.014503,3.105000,3.134000,1.084731
mpi,mpi_4p,data/lamp_0001.off,lamp_0001.off,64,15328,3,2.217667,0.062083,2.150000,2.272000,1.525928
mpi,mpi_8p,data/lamp_0001.off,lamp_0001.off,64,15328,3,1.929333,0.207442,1.779000,2.166000,1.753974
cuda,cuda_64tpb,data/lamp_0001.off,lamp_0001.off,64,15328,3,13.798560,1.334238,13.018944,15.339168,0.245243
cuda,cuda_128tpb,data/lamp_0001.off,lamp_0001.off,64,15328,3,13.683957,1.244334,12.899808,15.118720,0.247297
cuda,cuda_256tpb,data/lamp_0001.off,lamp_0001.off,64,15328,3,13.889525,0.785389,13.026016,14.561280,0.243637
sequential,seq_1t,data/person_0001.off,person_0001.off,64,22509,3,4.605667,2.795838,2.981000,7.834000,1.000000
openmp,omp_1t,data/person_0001.off,person_0001.off,64,22509,3,2.909333,0.063438,2.865000,2.982000,1.583066
openmp,omp_4t,data/person_0001.off,person_0001.off,64,22509,3,0.893000,0.117932,0.757000,0.967000,5.157521
openmp,omp_8t,data/person_0001.off,person_0001.off,64,22509,3,0.614000,0.002000,0.612000,0.616000,7.501086
pthreads,pth_1t,data/person_0001.off,person_0001.off,64,22509,3,3.040000,0.083624,2.944000,3.097000,1.515022
pthreads,pth_4t,data/person_0001.off,person_0001.off,64,22509,3,1.198333,0.081990,1.150000,1.293000,3.843394
pthreads,pth_8t,data/person_0001.off,person_0001.off,64,22509,3,1.132000,0.077117,1.069000,1.218000,4.068610
mpi,mpi_1p,data/person_0001.off,person_0001.off,64,22509,3,2.743000,0.095567,2.642000,2.832000,1.679062
mpi,mpi_4p,data/person_0001.off,person_0001.off,64,22509,3,3.397000,0.524102,2.828000,3.860000,1.355804
mpi,mpi_8p,data/person_0001.off,person_0001.off,64,22509,3,2.822333,0.084855,2.726000,2.886000,1.631865
cuda,cuda_64tpb,data/person_0001.off,person_0001.off,64,22509,3,19.570656,0.922569,19.003872,20.635201,0.235335
cuda,cuda_128tpb,data/person_0001.off,person_0001.off,64,22509,3,18.985398,0.151934,18.886656,19.160353,0.242590
cuda,cuda_256tpb,data/person_0001.off,person_0001.off,64,22509,3,19.025589,0.110414,18.922239,19.141920,0.242077
sequential,seq_1t,data/piano_0001.off,piano_0001.off,64,16719,3,2.916333,0.020841,2.898000,2.939000,1.000000
openmp,omp_1t,data/piano_0001.off,piano_0001.off,64,16719,3,2.848000,0.025060,2.822000,2.872000,1.023993
openmp,omp_4t,data/piano_0001.off,piano_0001.off,64,16719,3,0.885667,0.133815,0.802000,1.040000,3.292811
openmp,omp_8t,data/piano_0001.off,piano_0001.off,64,16719,3,0.737000,0.071687,0.674000,0.815000,3.957033
pthreads,pth_1t,data/piano_0001.off,piano_0001.off,64,16719,3,2.989333,0.077106,2.902000,3.048000,0.975580
pthreads,pth_4t,data/piano_0001.off,piano_0001.off,64,16719,3,2.302667,0.130784,2.157000,2.410000,1.266503
pthreads,pth_8t,data/piano_0001.off,piano_0001.off,64,16719,3,3.814667,0.026388,3.797000,3.845000,0.764505
mpi,mpi_1p,data/piano_0001.off,piano_0001.off,64,16719,3,2.800000,0.036592,2.775000,2.842000,1.041548
mpi,mpi_4p,data/piano_0001.off,piano_0001.off,64,16719,3,2.698667,0.048676,2.646000,2.742000,1.080657
mpi,mpi_8p,data/piano_0001.off,piano_0001.off,64,16719,3,2.709333,0.315151,2.354000,2.955000,1.076403
cuda,cuda_64tpb,data/piano_0001.off,piano_0001.off,64,16719,3,14.180181,0.073693,14.127104,14.264320,0.205663
cuda,cuda_128tpb,data/piano_0001.off,piano_0001.off,64,16719,3,14.206848,0.064329,14.137216,14.264064,0.205277
cuda,cuda_256tpb,data/piano_0001.off,piano_0001.off,64,16719,3,14.221397,0.058137,14.185664,14.288480,0.205067
sequential,seq_1t,data/table_0001.off,table_0001.off,64,8652,3,2.239667,0.087689,2.173000,2.339000,1.000000
openmp,omp_1t,data/table_0001.off,table_0001.off,64,8652,3,2.254667,0.081880,2.202000,2.349000,0.993347
openmp,omp_4t,data/table_0001.off,table_0001.off,64,8652,3,0.722333,0.054684,0.661000,0.766000,3.100600
openmp,omp_8t,data/table_0001.off,table_0001.off,64,8652,3,0.610000,0.025239,0.582000,0.631000,3.671585
pthreads,pth_1t,data/table_0001.off,table_0001.off,64,8652,3,2.351333,0.081193,2.301000,2.445000,0.952509
pthreads,pth_4t,data/table_0001.off,table_0001.off,64,8652,3,3.349333,0.474104,2.895000,3.841000,0.668690
pthreads,pth_8t,data/table_0001.off,table_0001.off,64,8652,3,5.966000,0.710321,5.232000,6.650000,0.375405
mpi,mpi_1p,data/table_0001.off,table_0001.off,64,8652,3,2.202000,0.061490,2.153000,2.271000,1.017106
mpi,mpi_4p,data/table_0001.off,table_0001.off,64,8652,3,4.161000,0.701436,3.608000,4.950000,0.538252
mpi,mpi_8p,data/table_0001.off,table_0001.off,64,8652,3,4.144333,0.167001,4.041000,4.337000,0.540417
cuda,cuda_64tpb,data/table_0001.off,table_0001.off,64,8652,3,7.438027,0.042566,7.389248,7.467648,0.301110
cuda,cuda_128tpb,data/table_0001.off,table_0001.off,64,8652,3,7.410933,0.036576,7.383072,7.452352,0.302211
cuda,cuda_256tpb,data/table_0001.off,table_0001.off,64,8652,3,7.438688,0.049934,7.381056,7.469024,0.301084
sequential,seq_1t,data/airplane_0001.off,airplane_0001.off,128,104773,3,15.534667,0.411575,15.064000,15.827000,1.000000
openmp,omp_1t,data/airplane_0001.off,airplane_0001.off,128,104773,3,15.076000,0.164353,14.898000,15.222000,1.030424
openmp,omp_4t,data/airplane_0001.off,airplane_0001.off,128,104773,3,4.114667,0.212260,3.943000,4.352000,3.775437
openmp,omp_8t,data/airplane_0001.off,airplane_0001.off,128,104773,3,2.966333,0.146548,2.840000,3.127000,5.236993
pthreads,pth_1t,data/airplane_0001.off,airplane_0001.off,128,104773,3,15.341333,0.198114,15.162000,15.554000,1.012602
pthreads,pth_4t,data/airplane_0001.off,airplane_0001.off,128,104773,3,5.649333,0.037541,5.616000,5.690000,2.749823
pthreads,pth_8t,data/airplane_0001.off,airplane_0001.off,128,104773,3,7.053000,0.318270,6.769000,7.397000,2.202562
mpi,mpi_1p,data/airplane_0001.off,airplane_0001.off,128,104773,3,14.907333,0.081132,14.839000,14.997000,1.042082
mpi,mpi_4p,data/airplane_0001.off,airplane_0001.off,128,104773,3,13.558667,0.624427,13.092000,14.268000,1.145737
mpi,mpi_8p,data/airplane_0001.off,airplane_0001.off,128,104773,3,15.235667,2.130965,12.776000,16.525000,1.019625
cuda,cuda_64tpb,data/airplane_0001.off,airplane_0001.off,128,104773,3,736.621317,4.069874,732.025635,739.769836,0.021089
cuda,cuda_128tpb,data/airplane_0001.off,airplane_0001.off,128,104773,3,737.496867,3.793494,733.179993,740.298767,0.021064
cuda,cuda_256tpb,data/airplane_0001.off,airplane_0001.off,128,104773,3,738.527669,1.835110,736.408813,739.608643,0.021035
sequential,seq_1t,data/bookshelf_0001.off,bookshelf_0001.off,128,96,3,1.536333,0.050767,1.495000,1.593000,1.000000
openmp,omp_1t,data/bookshelf_0001.off,bookshelf_0001.off,128,96,3,1.560667,0.069169,1.513000,1.640000,0.984408
openmp,omp_4t,data/bookshelf_0001.off,bookshelf_0001.off,128,96,3,1.083667,0.015275,1.067000,1.097000,1.417718
openmp,omp_8t,data/bookshelf_0001.off,bookshelf_0001.off,128,96,3,1.102333,0.002309,1.101000,1.105000,1.393710
pthreads,pth_1t,data/bookshelf_0001.off,bookshelf_0001.off,128,96,3,1.576667,0.011150,1.564000,1.585000,0.974419
pthreads,pth_4t,data/bookshelf_0001.off,bookshelf_0001.off,128,96,3,0.500667,0.010504,0.490000,0.511000,3.068575
pthreads,pth_8t,data/bookshelf_0001.off,bookshelf_0001.off,128,96,3,0.526333,0.032021,0.495000,0.559000,2.918936
mpi,mpi_1p,data/bookshelf_0001.off,bookshelf_0001.off,128,96,3,1.595667,0.018771,1.579000,1.616000,0.962816
mpi,mpi_4p,data/bookshelf_0001.off,bookshelf_0001.off,128,96,3,3.048333,1.305998,1.898000,4.468000,0.503991
mpi,mpi_8p,data/bookshelf_0001.off,bookshelf_0001.off,128,96,3,4.491000,0.564776,4.055000,5.129000,0.342092
cuda,cuda_64tpb,data/bookshelf_0001.off,bookshelf_0001.off,128,96,3,0.758869,0.005504,0.753056,0.764000,2.024503
cuda,cuda_128tpb,data/bookshelf_0001.off,bookshelf_0001.off,128,96,3,0.766315,0.023235,0.750272,0.792960,2.004834
cuda,cuda_256tpb,data/bookshelf_0001.off,bookshelf_0001.off,128,96,3,0.754805,0.004670,0.749664,0.758784,2.035403
sequential,seq_1t,data/bottle_0001.off,bottle_0001.off,128,1070,3,4.747667,0.076134,4.684000,4.832000,1.000000
openmp,omp_1t,data/bottle_0001.off,bottle_0001.off,128,1070,3,4.932667,0.056722,4.896000,4.998000,0.962495
openmp,omp_4t,data/bottle_0001.off,bottle_0001.off,128,1070,3,2.076333,0.051033,2.034000,2.133000,2.286563
openmp,omp_8t,data/bottle_0001.off,bottle_0001.off,128,1070,3,2.905000,1.989389,1.639000,5.198000,1.634309
pthreads,pth_1t,data/bottle_0001.off,bottle_0001.off,128,1070,3,5.045667,0.043981,5.008000,5.094000,0.940939
pthreads,pth_4t,data/bottle_0001.off,bottle_0001.off,128,1070,3,4.009333,0.072501,3.965000,4.093000,1.184154
pthreads,pth_8t,data/bottle_0001.off,bottle_0001.off,128,1070,3,3.124333,0.204490,2.892000,3.277000,1.519578
mpi,mpi_1p,data/bottle_0001.off,bottle_0001.off,128,1070,3,4.903333,0.096526,4.822000,5.010000,0.968253
mpi,mpi_4p,data/bottle_0001.off,bottle_0001.off,128,1070,3,3.431333,1.097292,2.612000,4.678000,1.383622
mpi,mpi_8p,data/bottle_0001.off,bottle_0001.off,128,1070,3,6.149000,1.484025,4.660000,7.628000,0.772104
cuda,cuda_64tpb,data/bottle_0001.off,bottle_0001.off,128,1070,3,7.212245,0.068111,7.135424,7.265248,0.658279
cuda,cuda_128tpb,data/bottle_0001.off,bottle_0001.off,128,1070,3,7.168160,0.026533,7.144416,7.196800,0.662327
cuda,cuda_256tpb,data/bottle_0001.off,bottle_0001.off,128,1070,3,7.161984,0.029135,7.138240,7.194496,0.662898
sequential,seq_1t,data/chair_0001.off,chair_0001.off,128,2234,3,4.168667,0.236325,3.996000,4.438000,1.000000
openmp,omp_1t,data/chair_0001.off,chair_0001.off,128,2234,3,4.269000,0.257249,4.116000,4.566000,0.976497
openmp,omp_4t,data/chair_0001.off,chair_0001.off,128,2234,3,1.324667,0.004619,1.322000,1.330000,3.146955
openmp,omp_8t,data/chair_0001.off,chair_0001.off,128,2234,3,1.348333,0.027209,1.317000,1.366000,3.091718
pthreads,pth_1t,data/chair_0001.off,chair_0001.off,128,2234,3,4.334667,0.193252,4.207000,4.557000,0.961704
pthreads,pth_4t,data/chair_0001.off,chair_0001.off,128,2234,3,2.867333,0.039107,2.830000,2.908000,1.453848
pthreads,pth_8t,data/chair_0001.off,chair_0001.off,128,2234,3,2.782333,0.065010,2.733000,2.856000,1.498263
mpi,mpi_1p,data/chair_0001.off,chair_0001.off,128,2234,3,4.039000,0.048280,4.000000,4.093000,1.032104
mpi,mpi_4p,data/chair_0001.off,chair_0001.off,128,2234,3,5.055000,0.294963,4.716000,5.253000,0.824662
mpi,mpi_8p,data/chair_0001.off,chair_0001.off,128,2234,3,4.803667,0.223034,4.607000,5.046000,0.867809
cuda,cuda_64tpb,data/chair_0001.off,chair_0001.off,128,2234,3,14.745152,0.037153,14.704576,14.777504,0.282714
cuda,cuda_128tpb,data/chair_0001.off,chair_0001.off,128,2234,3,15.735520,1.646913,14.768544,17.637119,0.264921
cuda,cuda_256tpb,data/chair_0001.off,chair_0001.off,128,2234,3,15.766997,1.795614,14.701696,17.840128,0.264392
sequential,seq_1t,data/guitar_0001.off,guitar_0001.off,128,11325,3,2.815667,0.044658,2.778000,2.865000,1.000000
openmp,omp_1t,data/guitar_0001.off,guitar_0001.off,128,11325,3,2.732000,0.045211,2.694000,2.782000,1.030625
openmp,omp_4t,data/guitar_0001.off,guitar_0001.off,128,11325,3,0.732667,0.038397,0.710000,0.777000,3.843039
openmp,omp_8t,data/guitar_0001.off,guitar_0001.off,128,11325,3,0.618667,0.008386,0.609000,0.624000,4.551185
pthreads,pth_1t,data/guitar_0001.off,guitar_0001.off,128,11325,3,2.798667,0.031374,2.763000,2.822000,1.006074
pthreads,pth_4t,data/guitar_0001.off,guitar_0001.off,128,11325,3,1.349000,0.208670,1.203000,1.588000,2.087225
pthreads,pth_8t,data/guitar_0001.off,guitar_0001.off,128,11325,3,1.996333,0.401341,1.619000,2.418000,1.410419
mpi,mpi_1p,data/guitar_0001.off,guitar_0001.off,128,11325,3,2.747667,0.022480,2.723000,2.767000,1.024748
mpi,mpi_4p,data/guitar_0001.off,guitar_0001.off,128,11325,3,4.808000,0.427269,4.545000,5.301000,0.585621
mpi,mpi_8p,data/guitar_0001.off,guitar_0001.off,128,11325,3,10.234333,2.545090,7.677000,12.767000,0.275120
cuda,cuda_64tpb,data/guitar_0001.off,guitar_0001.off,128,11325,3,84.980296,11.896080,77.008446,98.654045,0.033133
cuda,cuda_128tpb,data/guitar_0001.off,guitar_0001.off,128,11325,3,83.750880,10.021723,76.714432,95.225311,0.033620
cuda,cuda_256tpb,data/guitar_0001.off,guitar_0001.off,128,11325,3,78.486626,1.401297,76.869987,79.354050,0.035874
sequential,seq_1t,data/lamp_0001.off,lamp_0001.off,128,15328,3,13.162333,0.094299,13.102000,13.271000,1.000000
openmp,omp_1t,data/lamp_0001.off,lamp_0001.off,128,15328,3,13.792667,0.083429,13.733000,13.888000,0.954299
openmp,omp_4t,data/lamp_0001.off,lamp_0001.off,128,15328,3,6.332667,0.099007,6.263000,6.446000,2.078482
openmp,omp_8t,data/lamp_0001.off,lamp_0001.off,128,15328,3,6.146000,0.045211,6.094000,6.176000,2.141610
pthreads,pth_1t,data/lamp_0001.off,lamp_0001.off,128,15328,3,14.146000,0.038158,14.110000,14.186000,0.930463
pthreads,pth_4t,data/lamp_0001.off,lamp_0001.off,128,15328,3,13.530333,0.247549,13.358000,13.814000,0.972802
pthreads,pth_8t,data/lamp_0001.off,lamp_0001.off,128,15328,3,13.186667,0.087123,13.097000,13.271000,0.998155
mpi,mpi_1p,data/lamp_0001.off,lamp_0001.off,128,15328,3,13.384000,0.058949,13.319000,13.434000,0.983438
mpi,mpi_4p,data/lamp_0001.off,lamp_0001.off,128,15328,3,8.964333,0.249789,8.787000,9.250000,1.468300
mpi,mpi_8p,data/lamp_0001.off,lamp_0001.off,128,15328,3,8.586000,1.429315,7.702000,10.235000,1.532999
cuda,cuda_64tpb,data/lamp_0001.off,lamp_0001.off,128,15328,3,104.939359,0.081552,104.862045,105.024574,0.125428
cuda,cuda_128tpb,data/lamp_0001.off,lamp_0001.off,128,15328,3,104.892863,0.073203,104.812576,104.955902,0.125484
cuda,cuda_256tpb,data/lamp_0001.off,lamp_0001.off,128,15328,3,105.029322,0.207854,104.790977,105.172928,0.125321
sequential,seq_1t,data/person_0001.off,person_0001.off,128,22509,3,6.792000,0.263456,6.489000,6.967000,1.000000
openmp,omp_1t,data/person_0001.off,person_0001.off,128,22509,3,6.815000,0.227809,6.679000,7.078000,0.996625
openmp,omp_4t,data/person_0001.off,person_0001.off,128,22509,3,1.841667,0.076553,1.757000,1.906000,3.687964
openmp,omp_8t,data/person_0001.off,person_0001.off,128,22509,3,1.360667,0.056146,1.317000,1.424000,4.991671
pthreads,pth_1t,data/person_0001.off,person_0001.off,128,22509,3,6.755667,0.076742,6.669000,6.815000,1.005378
pthreads,pth_4t,data/person_0001.off,person_0001.off,128,22509,3,2.953667,0.127868,2.846000,3.095000,2.299515
pthreads,pth_8t,data/person_0001.off,person_0001.off,128,22509,3,2.454667,0.168536,2.269000,2.598000,2.766974
mpi,mpi_1p,data/person_0001.off,person_0001.off,128,22509,3,6.652000,0.085808,6.599000,6.751000,1.021046
mpi,mpi_4p,data/person_0001.off,person_0001.off,128,22509,3,5.717667,0.390072,5.268000,5.965000,1.187897
mpi,mpi_8p,data/person_0001.off,person_0001.off,128,22509,3,9.293333,1.852699,7.381000,11.080000,0.730846
cuda,cuda_64tpb,data/person_0001.off,person_0001.off,128,22509,3,156.024968,0.609217,155.645950,156.727707,0.043531
cuda,cuda_128tpb,data/person_0001.off,person_0001.off,128,22509,3,155.792247,0.122171,155.699814,155.930756,0.043597
cuda,cuda_256tpb,data/person_0001.off,person_0001.off,128,22509,3,155.848180,0.205628,155.620377,156.020065,0.043581
sequential,seq_1t,data/piano_0001.off,piano_0001.off,128,16719,3,6.402333,0.111733,6.274000,6.478000,1.000000
openmp,omp_1t,data/piano_0001.off,piano_0001.off,128,16719,3,6.495667,0.080984,6.444000,6.589000,0.985631
openmp,omp_4t,data/piano_0001.off,piano_0001.off,128,16719,3,1.866667,0.070088,1.818000,1.947000,3.429821
openmp,omp_8t,data/piano_0001.off,piano_0001.off,128,16719,3,1.719667,0.228073,1.585000,1.983000,3.723008
pthreads,pth_1t,data/piano_0001.off,piano_0001.off,128,16719,3,6.676333,0.232289,6.518000,6.943000,0.958960
pthreads,pth_4t,data/piano_0001.off,piano_0001.off,128,16719,3,3.937333,0.372872,3.674000,4.364000,1.626058
pthreads,pth_8t,data/piano_0001.off,piano_0001.off,128,16719,3,6.342000,0.877188,5.525000,7.269000,1.009513
mpi,mpi_1p,data/piano_0001.off,piano_0001.off,128,16719,3,6.517333,0.090335,6.415000,6.586000,0.982355
mpi,mpi_4p,data/piano_0001.off,piano_0001.off,128,16719,3,5.782667,1.121492,4.541000,6.722000,1.107159
mpi,mpi_8p,data/piano_0001.off,piano_0001.off,128,16719,3,8.751000,1.465451,7.885000,10.443000,0.731612
cuda,cuda_64tpb,data/piano_0001.off,piano_0001.off,128,16719,3,115.270315,0.265116,114.964767,115.439423,0.055542
cuda,cuda_128tpb,data/piano_0001.off,piano_0001.off,128,16719,3,115.383850,0.296035,115.154083,115.717918,0.055487
cuda,cuda_256tpb,data/piano_0001.off,piano_0001.off,128,16719,3,115.354805,0.066241,115.308540,115.430687,0.055501
sequential,seq_1t,data/table_0001.off,table_0001.off,128,8652,3,6.105667,0.325316,5.866000,6.476000,1.000000
openmp,omp_1t,data/table_0001.off,table_0001.off,128,8652,3,6.018333,0.189690,5.898000,6.237000,1.014511
openmp,omp_4t,data/table_0001.off,table_0001.off,128,8652,3,1.963333,0.235797,1.721000,2.192000,3.109847
openmp,omp_8t,data/table_0001.off,table_0001.off,128,8652,3,1.418667,0.101928,1.352000,1.536000,4.303806
pthreads,pth_1t,data/table_0001.off,table_0001.off,128,8652,3,6.193333,0.081396,6.122000,6.282000,0.985845
pthreads,pth_4t,data/table_0001.off,table_0001.off,128,8652,3,6.577667,0.229018,6.347000,6.805000,0.928242
pthreads,pth_8t,data/table_0001.off,table_0001.off,128,8652,3,11.977333,0.123618,11.902000,12.120000,0.509768
mpi,mpi_1p,data/table_0001.off,table_0001.off,128,8652,3,5.948667,0.127445,5.862000,6.095000,1.026392
mpi,mpi_4p,data/table_0001.off,table_0001.off,128,8652,3,7.154667,0.448516,6.704000,7.601000,0.853382
mpi,mpi_8p,data/table_0001.off,table_0001.off,128,8652,3,11.245333,2.058906,9.027000,13.095000,0.542951
cuda,cuda_64tpb,data/table_0001.off,table_0001.off,128,8652,3,69.091797,3.209470,66.581886,72.708099,0.088370
cuda,cuda_128tpb,data/table_0001.off,table_0001.off,128,8652,3,67.098254,0.884062,66.545219,68.117859,0.090996
cuda,cuda_256tpb,data/table_0001.off,table_0001.off,128,8652,3,66.933355,1.053682,66.174240,68.136353,0.091220
